Files,<-Do not delete the header
Q:\PEERLESSNETWORK\2022_09\DE_349F\INTEC_01436_220805_349F_349F
Q:\PEERLESSNETWORK\2022_09\DE_349F\INTEC_01437_220806_349F_349F
Q:\PEERLESSNETWORK\2022_09\DE_349F\INTEC_01438_220807_349F_349F
Q:\PEERLESSNETWORK\2022_09\DE_349F\INTEC_01440_220809_349F_349F
Q:\PEERLESSNETWORK\2022_09\DE_349F\INTEC_01441_220810_349F_349F
Q:\PEERLESSNETWORK\2022_09\DE_349F\INTEC_01442_220811_349F_349F
Q:\PEERLESSNETWORK\2022_09\DE_349F\INTEC_01443_220812_349F_349F
Q:\PEERLESSNETWORK\2022_09\DE_349F\INTEC_01445_220814_349F_349F
Q:\PEERLESSNETWORK\2022_09\DE_349F\INTEC_01446_220815_349F_349F
Q:\PEERLESSNETWORK\2022_09\DE_349F\INTEC_01447_220816_349F_349F
Q:\PEERLESSNETWORK\2022_09\DE_349F\INTEC_01448_220817_349F_349F
Q:\PEERLESSNETWORK\2022_09\DE_349F\INTEC_01450_220819_349F_349F
Q:\PEERLESSNETWORK\2022_09\DE_349F\INTEC_01451_220820_349F_349F
Q:\PEERLESSNETWORK\2022_09\DE_349F\INTEC_01452_220821_349F_349F
Q:\PEERLESSNETWORK\2022_09\DE_349F\INTEC_01454_220823_349F_349F
Q:\PEERLESSNETWORK\2022_09\DE_349F\INTEC_01455_220824_349F_349F
Q:\PEERLESSNETWORK\2022_09\DE_349F\INTEC_01456_220825_349F_349F
Q:\PEERLESSNETWORK\2022_09\DE_349F\INTEC_01457_220826_349F_349F
Q:\PEERLESSNETWORK\2022_09\DE_349F\INTEC_01458_220827_349F_349F
Q:\PEERLESSNETWORK\2022_09\DE_349F\INTEC_01459_220828_349F_349F
Q:\PEERLESSNETWORK\2022_09\DE_349F\INTEC_01460_220829_349F_349F
Q:\PEERLESSNETWORK\2022_09\DE_349F\INTEC_01461_220830_349F_349F
Q:\PEERLESSNETWORK\2022_09\DE_349F\INTEC_01462_220831_349F_349F
Q:\PEERLESSNETWORK\2022_09\DE_349F\INTEC_01463_220901_349F_349F
Q:\PEERLESSNETWORK\2022_09\DE_349F\TANDEM_ORIG_01427_220805_349F_349F
Q:\PEERLESSNETWORK\2022_09\DE_349F\TANDEM_ORIG_01428_220806_349F_349F
Q:\PEERLESSNETWORK\2022_09\DE_349F\TANDEM_ORIG_01429_220807_349F_349F
Q:\PEERLESSNETWORK\2022_09\DE_349F\TANDEM_ORIG_01431_220809_349F_349F
Q:\PEERLESSNETWORK\2022_09\DE_349F\TANDEM_ORIG_01432_220810_349F_349F
Q:\PEERLESSNETWORK\2022_09\DE_349F\TANDEM_ORIG_01433_220811_349F_349F
Q:\PEERLESSNETWORK\2022_09\DE_349F\TANDEM_ORIG_01434_220812_349F_349F
Q:\PEERLESSNETWORK\2022_09\DE_349F\TANDEM_ORIG_01436_220814_349F_349F
Q:\PEERLESSNETWORK\2022_09\DE_349F\TANDEM_ORIG_01437_220815_349F_349F
Q:\PEERLESSNETWORK\2022_09\DE_349F\TANDEM_ORIG_01438_220816_349F_349F
Q:\PEERLESSNETWORK\2022_09\DE_349F\TANDEM_ORIG_01439_220817_349F_349F
Q:\PEERLESSNETWORK\2022_09\DE_349F\TANDEM_ORIG_01441_220819_349F_349F
Q:\PEERLESSNETWORK\2022_09\DE_349F\TANDEM_ORIG_01442_220820_349F_349F
Q:\PEERLESSNETWORK\2022_09\DE_349F\TANDEM_ORIG_01443_220821_349F_349F
Q:\PEERLESSNETWORK\2022_09\DE_349F\TANDEM_ORIG_01445_220823_349F_349F
Q:\PEERLESSNETWORK\2022_09\DE_349F\TANDEM_ORIG_01446_220824_349F_349F
Q:\PEERLESSNETWORK\2022_09\DE_349F\TANDEM_ORIG_01447_220825_349F_349F
Q:\PEERLESSNETWORK\2022_09\DE_349F\TANDEM_ORIG_01448_220826_349F_349F
Q:\PEERLESSNETWORK\2022_09\DE_349F\TANDEM_ORIG_01449_220827_349F_349F
Q:\PEERLESSNETWORK\2022_09\DE_349F\TANDEM_ORIG_01450_220828_349F_349F
Q:\PEERLESSNETWORK\2022_09\DE_349F\TANDEM_ORIG_01451_220829_349F_349F
Q:\PEERLESSNETWORK\2022_09\DE_349F\TANDEM_ORIG_01452_220830_349F_349F
Q:\PEERLESSNETWORK\2022_09\DE_349F\TANDEM_ORIG_01453_220831_349F_349F
Q:\PEERLESSNETWORK\2022_09\DE_349F\TANDEM_ORIG_01454_220901_349F_349F
Q:\PEERLESSNETWORK\2022_09\FL_902E\INTEC_01432_220801_902E_902E.ERR.TXT
Q:\PEERLESSNETWORK\2022_09\FL_902E\INTEC_01433_220802_902E_902E
Q:\PEERLESSNETWORK\2022_09\FL_902E\INTEC_01434_220803_902E_902E
Q:\PEERLESSNETWORK\2022_09\FL_902E\INTEC_01435_220804_902E_902E
Q:\PEERLESSNETWORK\2022_09\FL_902E\INTEC_01436_220805_902E_902E
Q:\PEERLESSNETWORK\2022_09\FL_902E\INTEC_01439_220808_902E_902E
Q:\PEERLESSNETWORK\2022_09\FL_902E\INTEC_01441_220810_902E_902E
Q:\PEERLESSNETWORK\2022_09\FL_902E\INTEC_01442_220811_902E_902E
Q:\PEERLESSNETWORK\2022_09\FL_902E\INTEC_01443_220812_902E_902E
Q:\PEERLESSNETWORK\2022_09\FL_902E\INTEC_01444_220813_902E_902E
Q:\PEERLESSNETWORK\2022_09\FL_902E\INTEC_01445_220814_902E_902E
Q:\PEERLESSNETWORK\2022_09\FL_902E\INTEC_01446_220815_902E_902E
Q:\PEERLESSNETWORK\2022_09\FL_902E\INTEC_01447_220816_902E_902E
Q:\PEERLESSNETWORK\2022_09\FL_902E\INTEC_01448_220817_902E_902E
Q:\PEERLESSNETWORK\2022_09\FL_902E\INTEC_01449_220818_902E_902E
Q:\PEERLESSNETWORK\2022_09\FL_902E\INTEC_01450_220819_902E_902E
Q:\PEERLESSNETWORK\2022_09\FL_902E\INTEC_01451_220820_902E_902E
Q:\PEERLESSNETWORK\2022_09\FL_902E\INTEC_01452_220821_902E_902E
Q:\PEERLESSNETWORK\2022_09\FL_902E\INTEC_01453_220822_902E_902E
Q:\PEERLESSNETWORK\2022_09\FL_902E\INTEC_01454_220823_902E_902E
Q:\PEERLESSNETWORK\2022_09\FL_902E\INTEC_01455_220824_902E_902E
Q:\PEERLESSNETWORK\2022_09\FL_902E\INTEC_01456_220825_902E_902E
Q:\PEERLESSNETWORK\2022_09\FL_902E\INTEC_01457_220826_902E_902E
Q:\PEERLESSNETWORK\2022_09\FL_902E\INTEC_01458_220827_902E_902E
Q:\PEERLESSNETWORK\2022_09\FL_902E\INTEC_01459_220828_902E_902E
Q:\PEERLESSNETWORK\2022_09\FL_902E\INTEC_01460_220829_902E_902E
Q:\PEERLESSNETWORK\2022_09\FL_902E\INTEC_01461_220830_902E_902E
Q:\PEERLESSNETWORK\2022_09\FL_902E\INTEC_01462_220831_902E_902E
Q:\PEERLESSNETWORK\2022_09\FL_902E\TANDEM_ORIG_01423_220801_902E_902E.ERR.TXT
Q:\PEERLESSNETWORK\2022_09\FL_902E\TANDEM_ORIG_01424_220802_902E_902E
Q:\PEERLESSNETWORK\2022_09\FL_902E\TANDEM_ORIG_01425_220803_902E_902E
Q:\PEERLESSNETWORK\2022_09\FL_902E\TANDEM_ORIG_01426_220804_902E_902E
Q:\PEERLESSNETWORK\2022_09\FL_902E\TANDEM_ORIG_01427_220805_902E_902E
Q:\PEERLESSNETWORK\2022_09\FL_902E\TANDEM_ORIG_01430_220808_902E_902E
Q:\PEERLESSNETWORK\2022_09\FL_902E\TANDEM_ORIG_01432_220810_902E_902E
Q:\PEERLESSNETWORK\2022_09\FL_902E\TANDEM_ORIG_01433_220811_902E_902E
Q:\PEERLESSNETWORK\2022_09\FL_902E\TANDEM_ORIG_01434_220812_902E_902E
Q:\PEERLESSNETWORK\2022_09\FL_902E\TANDEM_ORIG_01435_220813_902E_902E
Q:\PEERLESSNETWORK\2022_09\FL_902E\TANDEM_ORIG_01436_220814_902E_902E
Q:\PEERLESSNETWORK\2022_09\FL_902E\TANDEM_ORIG_01437_220815_902E_902E
Q:\PEERLESSNETWORK\2022_09\FL_902E\TANDEM_ORIG_01438_220816_902E_902E
Q:\PEERLESSNETWORK\2022_09\FL_902E\TANDEM_ORIG_01439_220817_902E_902E
Q:\PEERLESSNETWORK\2022_09\FL_902E\TANDEM_ORIG_01440_220818_902E_902E
Q:\PEERLESSNETWORK\2022_09\FL_902E\TANDEM_ORIG_01441_220819_902E_902E
Q:\PEERLESSNETWORK\2022_09\FL_902E\TANDEM_ORIG_01442_220820_902E_902E
Q:\PEERLESSNETWORK\2022_09\FL_902E\TANDEM_ORIG_01443_220821_902E_902E
Q:\PEERLESSNETWORK\2022_09\FL_902E\TANDEM_ORIG_01444_220822_902E_902E
Q:\PEERLESSNETWORK\2022_09\FL_902E\TANDEM_ORIG_01445_220823_902E_902E
Q:\PEERLESSNETWORK\2022_09\FL_902E\TANDEM_ORIG_01446_220824_902E_902E
Q:\PEERLESSNETWORK\2022_09\FL_902E\TANDEM_ORIG_01447_220825_902E_902E
Q:\PEERLESSNETWORK\2022_09\FL_902E\TANDEM_ORIG_01448_220826_902E_902E
Q:\PEERLESSNETWORK\2022_09\FL_902E\TANDEM_ORIG_01449_220827_902E_902E
Q:\PEERLESSNETWORK\2022_09\FL_902E\TANDEM_ORIG_01450_220828_902E_902E
Q:\PEERLESSNETWORK\2022_09\FL_902E\TANDEM_ORIG_01451_220829_902E_902E
Q:\PEERLESSNETWORK\2022_09\FL_902E\TANDEM_ORIG_01452_220830_902E_902E
Q:\PEERLESSNETWORK\2022_09\FL_902E\TANDEM_ORIG_01453_220831_902E_902E
Q:\PEERLESSNETWORK\2022_09\GA_909E\ATT.SE.MPB.010922_909E
Q:\PEERLESSNETWORK\2022_09\GA_909E\ATT.SE.MPB.010922_TSA_909E
Q:\PEERLESSNETWORK\2022_09\GA_909E\ATT.SE.MPB.020822_909E
Q:\PEERLESSNETWORK\2022_09\GA_909E\ATT.SE.MPB.020822_TSA_909E
Q:\PEERLESSNETWORK\2022_09\GA_909E\ATT.SE.MPB.030822_909E
Q:\PEERLESSNETWORK\2022_09\GA_909E\ATT.SE.MPB.030822_TSA_909E
Q:\PEERLESSNETWORK\2022_09\GA_909E\ATT.SE.MPB.040822_909E
Q:\PEERLESSNETWORK\2022_09\GA_909E\ATT.SE.MPB.040822_TSA_909E
Q:\PEERLESSNETWORK\2022_09\GA_909E\ATT.SE.MPB.050822_909E
Q:\PEERLESSNETWORK\2022_09\GA_909E\ATT.SE.MPB.050822_TSA_909E
Q:\PEERLESSNETWORK\2022_09\GA_909E\ATT.SE.MPB.080822_909E
Q:\PEERLESSNETWORK\2022_09\GA_909E\ATT.SE.MPB.080822_TSA_909E
Q:\PEERLESSNETWORK\2022_09\GA_909E\ATT.SE.MPB.090822_909E
Q:\PEERLESSNETWORK\2022_09\GA_909E\ATT.SE.MPB.090822_TSA_909E
Q:\PEERLESSNETWORK\2022_09\GA_909E\ATT.SE.MPB.100822_909E
Q:\PEERLESSNETWORK\2022_09\GA_909E\ATT.SE.MPB.100822_TSA_909E
Q:\PEERLESSNETWORK\2022_09\GA_909E\ATT.SE.MPB.110822_909E
Q:\PEERLESSNETWORK\2022_09\GA_909E\ATT.SE.MPB.110822_TSA_909E
Q:\PEERLESSNETWORK\2022_09\GA_909E\ATT.SE.MPB.120822_909E
Q:\PEERLESSNETWORK\2022_09\GA_909E\ATT.SE.MPB.120822_TSA_909E
Q:\PEERLESSNETWORK\2022_09\GA_909E\ATT.SE.MPB.150822_909E
Q:\PEERLESSNETWORK\2022_09\GA_909E\ATT.SE.MPB.150822_TSA_909E
Q:\PEERLESSNETWORK\2022_09\GA_909E\ATT.SE.MPB.160822_909E
Q:\PEERLESSNETWORK\2022_09\GA_909E\ATT.SE.MPB.160822_TSA_909E
Q:\PEERLESSNETWORK\2022_09\GA_909E\ATT.SE.MPB.170822_909E
Q:\PEERLESSNETWORK\2022_09\GA_909E\ATT.SE.MPB.170822_TSA_909E
Q:\PEERLESSNETWORK\2022_09\GA_909E\ATT.SE.MPB.180822_909E
Q:\PEERLESSNETWORK\2022_09\GA_909E\ATT.SE.MPB.180822_TSA_909E
Q:\PEERLESSNETWORK\2022_09\GA_909E\ATT.SE.MPB.190822_909E
Q:\PEERLESSNETWORK\2022_09\GA_909E\ATT.SE.MPB.190822_TSA_909E
Q:\PEERLESSNETWORK\2022_09\GA_909E\ATT.SE.MPB.220822_909E
Q:\PEERLESSNETWORK\2022_09\GA_909E\ATT.SE.MPB.220822_TSA_909E
Q:\PEERLESSNETWORK\2022_09\GA_909E\ATT.SE.MPB.230822_909E
Q:\PEERLESSNETWORK\2022_09\GA_909E\ATT.SE.MPB.230822_TSA_909E
Q:\PEERLESSNETWORK\2022_09\GA_909E\ATT.SE.MPB.240822_909E
Q:\PEERLESSNETWORK\2022_09\GA_909E\ATT.SE.MPB.240822_TSA_909E
Q:\PEERLESSNETWORK\2022_09\GA_909E\ATT.SE.MPB.250822_909E
Q:\PEERLESSNETWORK\2022_09\GA_909E\ATT.SE.MPB.250822_TSA_909E
Q:\PEERLESSNETWORK\2022_09\GA_909E\ATT.SE.MPB.260822_909E
Q:\PEERLESSNETWORK\2022_09\GA_909E\ATT.SE.MPB.260822_TSA_909E
Q:\PEERLESSNETWORK\2022_09\GA_909E\ATT.SE.MPB.290822_909E
Q:\PEERLESSNETWORK\2022_09\GA_909E\ATT.SE.MPB.290822_TSA_909E
Q:\PEERLESSNETWORK\2022_09\GA_909E\ATT.SE.MPB.300822_909E
Q:\PEERLESSNETWORK\2022_09\GA_909E\ATT.SE.MPB.300822_TSA_909E
Q:\PEERLESSNETWORK\2022_09\GA_909E\ATT.SE.MPB.310822_909E
Q:\PEERLESSNETWORK\2022_09\GA_909E\ATT.SE.MPB.310822_TSA_909E
Q:\PEERLESSNETWORK\2022_09\GA_909E\INTEC_01432_220801_909E_909E.ERR.TXT
Q:\PEERLESSNETWORK\2022_09\GA_909E\INTEC_01433_220802_909E_909E
Q:\PEERLESSNETWORK\2022_09\GA_909E\INTEC_01434_220803_909E_909E
Q:\PEERLESSNETWORK\2022_09\GA_909E\INTEC_01435_220804_909E_909E
Q:\PEERLESSNETWORK\2022_09\GA_909E\INTEC_01436_220805_909E_909E
Q:\PEERLESSNETWORK\2022_09\GA_909E\INTEC_01437_220806_909E_909E
Q:\PEERLESSNETWORK\2022_09\GA_909E\INTEC_01438_220807_909E_909E
Q:\PEERLESSNETWORK\2022_09\GA_909E\INTEC_01439_220808_909E_909E
Q:\PEERLESSNETWORK\2022_09\GA_909E\INTEC_01440_220809_909E_909E
Q:\PEERLESSNETWORK\2022_09\GA_909E\INTEC_01441_220810_909E_909E
Q:\PEERLESSNETWORK\2022_09\GA_909E\INTEC_01442_220811_909E_909E
Q:\PEERLESSNETWORK\2022_09\GA_909E\INTEC_01443_220812_909E_909E
Q:\PEERLESSNETWORK\2022_09\GA_909E\INTEC_01444_220813_909E_909E
Q:\PEERLESSNETWORK\2022_09\GA_909E\INTEC_01445_220814_909E_909E
Q:\PEERLESSNETWORK\2022_09\GA_909E\INTEC_01446_220815_909E_909E
Q:\PEERLESSNETWORK\2022_09\GA_909E\INTEC_01447_220816_909E_909E
Q:\PEERLESSNETWORK\2022_09\GA_909E\INTEC_01448_220817_909E_909E
Q:\PEERLESSNETWORK\2022_09\GA_909E\INTEC_01449_220818_909E_909E
Q:\PEERLESSNETWORK\2022_09\GA_909E\INTEC_01450_220819_909E_909E
Q:\PEERLESSNETWORK\2022_09\GA_909E\INTEC_01451_220820_909E_909E
Q:\PEERLESSNETWORK\2022_09\GA_909E\INTEC_01452_220821_909E_909E
Q:\PEERLESSNETWORK\2022_09\GA_909E\INTEC_01453_220822_909E_909E
Q:\PEERLESSNETWORK\2022_09\GA_909E\INTEC_01454_220823_909E_909E
Q:\PEERLESSNETWORK\2022_09\GA_909E\INTEC_01455_220824_909E_909E
Q:\PEERLESSNETWORK\2022_09\GA_909E\INTEC_01456_220825_909E_909E
Q:\PEERLESSNETWORK\2022_09\GA_909E\INTEC_01457_220826_909E_909E
Q:\PEERLESSNETWORK\2022_09\GA_909E\INTEC_01458_220827_909E_909E
Q:\PEERLESSNETWORK\2022_09\GA_909E\INTEC_01459_220828_909E_909E
Q:\PEERLESSNETWORK\2022_09\GA_909E\INTEC_01460_220829_909E_909E
Q:\PEERLESSNETWORK\2022_09\GA_909E\INTEC_01461_220830_909E_909E
Q:\PEERLESSNETWORK\2022_09\GA_909E\INTEC_01462_220831_909E_909E
Q:\PEERLESSNETWORK\2022_09\GA_909E\INTEC_01463_220901_909E_909E.ERR.TXT
Q:\PEERLESSNETWORK\2022_09\GA_909E\TANDEM_TERM_01423_220801_909E_909E.ERR.TXT
Q:\PEERLESSNETWORK\2022_09\GA_909E\TANDEM_TERM_01424_220802_909E_909E
Q:\PEERLESSNETWORK\2022_09\GA_909E\TANDEM_TERM_01425_220803_909E_909E
Q:\PEERLESSNETWORK\2022_09\GA_909E\TANDEM_TERM_01426_220804_909E_909E
Q:\PEERLESSNETWORK\2022_09\GA_909E\TANDEM_TERM_01427_220805_909E_909E
Q:\PEERLESSNETWORK\2022_09\GA_909E\TANDEM_TERM_01428_220806_909E_909E
Q:\PEERLESSNETWORK\2022_09\GA_909E\TANDEM_TERM_01429_220807_909E_909E
Q:\PEERLESSNETWORK\2022_09\GA_909E\TANDEM_TERM_01430_220808_909E_909E
Q:\PEERLESSNETWORK\2022_09\GA_909E\TANDEM_TERM_01431_220809_909E_909E
Q:\PEERLESSNETWORK\2022_09\GA_909E\TANDEM_TERM_01432_220810_909E_909E
Q:\PEERLESSNETWORK\2022_09\GA_909E\TANDEM_TERM_01433_220811_909E_909E
Q:\PEERLESSNETWORK\2022_09\GA_909E\TANDEM_TERM_01434_220812_909E_909E
Q:\PEERLESSNETWORK\2022_09\GA_909E\TANDEM_TERM_01435_220813_909E_909E
Q:\PEERLESSNETWORK\2022_09\GA_909E\TANDEM_TERM_01436_220814_909E_909E
Q:\PEERLESSNETWORK\2022_09\GA_909E\TANDEM_TERM_01437_220815_909E_909E
Q:\PEERLESSNETWORK\2022_09\GA_909E\TANDEM_TERM_01438_220816_909E_909E
Q:\PEERLESSNETWORK\2022_09\GA_909E\TANDEM_TERM_01439_220817_909E_909E
Q:\PEERLESSNETWORK\2022_09\GA_909E\TANDEM_TERM_01440_220818_909E_909E
Q:\PEERLESSNETWORK\2022_09\GA_909E\TANDEM_TERM_01441_220819_909E_909E
Q:\PEERLESSNETWORK\2022_09\GA_909E\TANDEM_TERM_01442_220820_909E_909E
Q:\PEERLESSNETWORK\2022_09\GA_909E\TANDEM_TERM_01443_220821_909E_909E
Q:\PEERLESSNETWORK\2022_09\GA_909E\TANDEM_TERM_01444_220822_909E_909E
Q:\PEERLESSNETWORK\2022_09\GA_909E\TANDEM_TERM_01445_220823_909E_909E
Q:\PEERLESSNETWORK\2022_09\GA_909E\TANDEM_TERM_01446_220824_909E_909E
Q:\PEERLESSNETWORK\2022_09\GA_909E\TANDEM_TERM_01447_220825_909E_909E
Q:\PEERLESSNETWORK\2022_09\GA_909E\TANDEM_TERM_01448_220826_909E_909E
Q:\PEERLESSNETWORK\2022_09\GA_909E\TANDEM_TERM_01449_220827_909E_909E
Q:\PEERLESSNETWORK\2022_09\GA_909E\TANDEM_TERM_01450_220828_909E_909E
Q:\PEERLESSNETWORK\2022_09\GA_909E\TANDEM_TERM_01451_220829_909E_909E
Q:\PEERLESSNETWORK\2022_09\GA_909E\TANDEM_TERM_01452_220830_909E_909E
Q:\PEERLESSNETWORK\2022_09\GA_909E\TANDEM_TERM_01453_220831_909E_909E
Q:\PEERLESSNETWORK\2022_09\GA_909E\TANDEM_TERM_01454_220901_909E_909E
Q:\PEERLESSNETWORK\2022_09\ME_925H\INTEC_01432_220801_925H_925H.ERR.TXT
Q:\PEERLESSNETWORK\2022_09\ME_925H\INTEC_01433_220802_925H_925H
Q:\PEERLESSNETWORK\2022_09\ME_925H\INTEC_01434_220803_925H_925H
Q:\PEERLESSNETWORK\2022_09\ME_925H\INTEC_01435_220804_925H_925H
Q:\PEERLESSNETWORK\2022_09\ME_925H\INTEC_01436_220805_925H_925H
Q:\PEERLESSNETWORK\2022_09\ME_925H\INTEC_01437_220806_925H_925H
Q:\PEERLESSNETWORK\2022_09\ME_925H\INTEC_01438_220807_925H_925H
Q:\PEERLESSNETWORK\2022_09\ME_925H\INTEC_01439_220808_925H_925H
Q:\PEERLESSNETWORK\2022_09\ME_925H\INTEC_01440_220809_925H_925H
Q:\PEERLESSNETWORK\2022_09\ME_925H\INTEC_01441_220810_925H_925H
Q:\PEERLESSNETWORK\2022_09\ME_925H\INTEC_01442_220811_925H_925H
Q:\PEERLESSNETWORK\2022_09\ME_925H\INTEC_01443_220812_925H_925H
Q:\PEERLESSNETWORK\2022_09\ME_925H\INTEC_01444_220813_925H_925H
Q:\PEERLESSNETWORK\2022_09\ME_925H\INTEC_01445_220814_925H_925H
Q:\PEERLESSNETWORK\2022_09\ME_925H\INTEC_01446_220815_925H_925H
Q:\PEERLESSNETWORK\2022_09\ME_925H\INTEC_01447_220816_925H_925H
Q:\PEERLESSNETWORK\2022_09\ME_925H\INTEC_01448_220817_925H_925H
Q:\PEERLESSNETWORK\2022_09\ME_925H\INTEC_01449_220818_925H_925H
Q:\PEERLESSNETWORK\2022_09\ME_925H\INTEC_01450_220819_925H_925H
Q:\PEERLESSNETWORK\2022_09\ME_925H\INTEC_01451_220820_925H_925H
Q:\PEERLESSNETWORK\2022_09\ME_925H\INTEC_01452_220821_925H_925H
Q:\PEERLESSNETWORK\2022_09\ME_925H\INTEC_01453_220822_925H_925H
Q:\PEERLESSNETWORK\2022_09\ME_925H\INTEC_01454_220823_925H_925H
Q:\PEERLESSNETWORK\2022_09\ME_925H\INTEC_01455_220824_925H_925H
Q:\PEERLESSNETWORK\2022_09\ME_925H\INTEC_01456_220825_925H_925H
Q:\PEERLESSNETWORK\2022_09\ME_925H\INTEC_01457_220826_925H_925H
Q:\PEERLESSNETWORK\2022_09\ME_925H\INTEC_01458_220827_925H_925H
Q:\PEERLESSNETWORK\2022_09\ME_925H\INTEC_01459_220828_925H_925H
Q:\PEERLESSNETWORK\2022_09\ME_925H\INTEC_01460_220829_925H_925H
Q:\PEERLESSNETWORK\2022_09\ME_925H\INTEC_01461_220830_925H_925H
Q:\PEERLESSNETWORK\2022_09\ME_925H\INTEC_01462_220831_925H_925H
Q:\PEERLESSNETWORK\2022_09\ME_925H\INTEC_01463_220901_925H_925H
Q:\PEERLESSNETWORK\2022_09\MN_107F\107F_AK.#EN.ACCESS.ORR66.F210.CLEC.G3089V00_107F
Q:\PEERLESSNETWORK\2022_09\MN_107F\107F_AK.#EN.ACCESS.ORR66.F210.CLEC.G3106V00_107F
Q:\PEERLESSNETWORK\2022_09\MN_107F\107F_AK.#EN.ACCESS.ORR66.F210.CLEC.G3106V00_TSA_107F
Q:\PEERLESSNETWORK\2022_09\ND_460H\107F_AK.#EN.ACCESS.ORR66.F210.CLEC.G3087V00_460H
Q:\PEERLESSNETWORK\2022_09\ND_460H\107F_AK.#EN.ACCESS.ORR66.F210.CLEC.G3088V00_460H
Q:\PEERLESSNETWORK\2022_09\ND_460H\107F_AK.#EN.ACCESS.ORR66.F210.CLEC.G3090V00_460H
Q:\PEERLESSNETWORK\2022_09\ND_460H\107F_AK.#EN.ACCESS.ORR66.F210.CLEC.G3091V00_460H
Q:\PEERLESSNETWORK\2022_09\ND_460H\107F_AK.#EN.ACCESS.ORR66.F210.CLEC.G3092V00_460H
Q:\PEERLESSNETWORK\2022_09\ND_460H\107F_AK.#EN.ACCESS.ORR66.F210.CLEC.G3093V00_460H
Q:\PEERLESSNETWORK\2022_09\ND_460H\107F_AK.#EN.ACCESS.ORR66.F210.CLEC.G3094V00_460H
Q:\PEERLESSNETWORK\2022_09\ND_460H\107F_AK.#EN.ACCESS.ORR66.F210.CLEC.G3095V00_460H
Q:\PEERLESSNETWORK\2022_09\ND_460H\107F_AK.#EN.ACCESS.ORR66.F210.CLEC.G3096V00_460H
Q:\PEERLESSNETWORK\2022_09\ND_460H\107F_AK.#EN.ACCESS.ORR66.F210.CLEC.G3097V00_460H
Q:\PEERLESSNETWORK\2022_09\ND_460H\107F_AK.#EN.ACCESS.ORR66.F210.CLEC.G3098V00_460H
Q:\PEERLESSNETWORK\2022_09\ND_460H\107F_AK.#EN.ACCESS.ORR66.F210.CLEC.G3099V00_460H
Q:\PEERLESSNETWORK\2022_09\ND_460H\107F_AK.#EN.ACCESS.ORR66.F210.CLEC.G3100V00_460H
Q:\PEERLESSNETWORK\2022_09\ND_460H\107F_AK.#EN.ACCESS.ORR66.F210.CLEC.G3101V00_460H
Q:\PEERLESSNETWORK\2022_09\ND_460H\107F_AK.#EN.ACCESS.ORR66.F210.CLEC.G3102V00_460H
Q:\PEERLESSNETWORK\2022_09\ND_460H\107F_AK.#EN.ACCESS.ORR66.F210.CLEC.G3103V00_460H
Q:\PEERLESSNETWORK\2022_09\ND_460H\107F_AK.#EN.ACCESS.ORR66.F210.CLEC.G3104V00_460H
Q:\PEERLESSNETWORK\2022_09\ND_460H\107F_AK.#EN.ACCESS.ORR66.F210.CLEC.G3105V00_460H
Q:\PEERLESSNETWORK\2022_09\ND_460H\107F_AK.#EN.ACCESS.ORR66.F210.CLEC.G3107V00_460H
Q:\PEERLESSNETWORK\2022_09\ND_460H\107F_AK.#EN.ACCESS.ORR66.F210.CLEC.G3108V00_460H
Q:\PEERLESSNETWORK\2022_09\ND_460H\107F_AK.#EN.ACCESS.ORR66.F210.CLEC.G3109V00_460H
Q:\PEERLESSNETWORK\2022_09\NM_377H\INTEC_01432_220801_377H_377H.ERR.TXT
Q:\PEERLESSNETWORK\2022_09\NM_377H\INTEC_01433_220802_377H_377H
Q:\PEERLESSNETWORK\2022_09\NM_377H\INTEC_01434_220803_377H_377H
Q:\PEERLESSNETWORK\2022_09\NM_377H\INTEC_01435_220804_377H_377H
Q:\PEERLESSNETWORK\2022_09\NM_377H\INTEC_01436_220805_377H_377H
Q:\PEERLESSNETWORK\2022_09\NM_377H\INTEC_01437_220806_377H_377H
Q:\PEERLESSNETWORK\2022_09\NM_377H\INTEC_01438_220807_377H_377H
Q:\PEERLESSNETWORK\2022_09\NM_377H\INTEC_01439_220808_377H_377H
Q:\PEERLESSNETWORK\2022_09\NM_377H\INTEC_01440_220809_377H_377H
Q:\PEERLESSNETWORK\2022_09\NM_377H\INTEC_01441_220810_377H_377H
Q:\PEERLESSNETWORK\2022_09\NM_377H\INTEC_01442_220811_377H_377H
Q:\PEERLESSNETWORK\2022_09\NM_377H\INTEC_01443_220812_377H_377H
Q:\PEERLESSNETWORK\2022_09\NM_377H\INTEC_01444_220813_377H_377H
Q:\PEERLESSNETWORK\2022_09\NM_377H\INTEC_01445_220814_377H_377H
Q:\PEERLESSNETWORK\2022_09\NM_377H\INTEC_01446_220815_377H_377H
Q:\PEERLESSNETWORK\2022_09\NM_377H\INTEC_01447_220816_377H_377H
Q:\PEERLESSNETWORK\2022_09\NM_377H\INTEC_01448_220817_377H_377H
Q:\PEERLESSNETWORK\2022_09\NM_377H\INTEC_01449_220818_377H_377H
Q:\PEERLESSNETWORK\2022_09\NM_377H\INTEC_01450_220819_377H_377H
Q:\PEERLESSNETWORK\2022_09\NM_377H\INTEC_01451_220820_377H_377H
Q:\PEERLESSNETWORK\2022_09\NM_377H\INTEC_01452_220821_377H_377H
Q:\PEERLESSNETWORK\2022_09\NM_377H\INTEC_01453_220822_377H_377H
Q:\PEERLESSNETWORK\2022_09\NM_377H\INTEC_01454_220823_377H_377H
Q:\PEERLESSNETWORK\2022_09\NM_377H\INTEC_01455_220824_377H_377H
Q:\PEERLESSNETWORK\2022_09\NM_377H\INTEC_01456_220825_377H_377H
Q:\PEERLESSNETWORK\2022_09\NM_377H\INTEC_01457_220826_377H_377H
Q:\PEERLESSNETWORK\2022_09\NM_377H\INTEC_01458_220827_377H_377H
Q:\PEERLESSNETWORK\2022_09\NM_377H\INTEC_01459_220828_377H_377H
Q:\PEERLESSNETWORK\2022_09\NM_377H\INTEC_01460_220829_377H_377H
Q:\PEERLESSNETWORK\2022_09\NM_377H\INTEC_01461_220830_377H_377H
Q:\PEERLESSNETWORK\2022_09\NM_377H\INTEC_01462_220831_377H_377H
Q:\PEERLESSNETWORK\2022_09\NM_377H\INTEC_01463_220901_377H_377H
Q:\PEERLESSNETWORK\2022_09\NY_155E\107F_AK.#EN.ACCESS.ORR66.F210.CLEC.G3087V00_TSA_155E
Q:\PEERLESSNETWORK\2022_09\NY_155E\107F_AK.#EN.ACCESS.ORR66.F210.CLEC.G3088V00_TSA_155E
Q:\PEERLESSNETWORK\2022_09\NY_155E\107F_AK.#EN.ACCESS.ORR66.F210.CLEC.G3089V00_TSA_155E
Q:\PEERLESSNETWORK\2022_09\NY_155E\107F_AK.#EN.ACCESS.ORR66.F210.CLEC.G3090V00_TSA_155E
Q:\PEERLESSNETWORK\2022_09\NY_155E\107F_AK.#EN.ACCESS.ORR66.F210.CLEC.G3091V00_TSA_155E
Q:\PEERLESSNETWORK\2022_09\NY_155E\107F_AK.#EN.ACCESS.ORR66.F210.CLEC.G3092V00_TSA_155E
Q:\PEERLESSNETWORK\2022_09\NY_155E\107F_AK.#EN.ACCESS.ORR66.F210.CLEC.G3093V00_TSA_155E
Q:\PEERLESSNETWORK\2022_09\NY_155E\107F_AK.#EN.ACCESS.ORR66.F210.CLEC.G3094V00_TSA_155E
Q:\PEERLESSNETWORK\2022_09\NY_155E\107F_AK.#EN.ACCESS.ORR66.F210.CLEC.G3095V00_TSA_155E
Q:\PEERLESSNETWORK\2022_09\NY_155E\107F_AK.#EN.ACCESS.ORR66.F210.CLEC.G3096V00_TSA_155E
Q:\PEERLESSNETWORK\2022_09\NY_155E\107F_AK.#EN.ACCESS.ORR66.F210.CLEC.G3097V00_TSA_155E
Q:\PEERLESSNETWORK\2022_09\NY_155E\107F_AK.#EN.ACCESS.ORR66.F210.CLEC.G3098V00_TSA_155E
Q:\PEERLESSNETWORK\2022_09\NY_155E\107F_AK.#EN.ACCESS.ORR66.F210.CLEC.G3099V00_TSA_155E
Q:\PEERLESSNETWORK\2022_09\NY_155E\107F_AK.#EN.ACCESS.ORR66.F210.CLEC.G3100V00_TSA_155E
Q:\PEERLESSNETWORK\2022_09\NY_155E\107F_AK.#EN.ACCESS.ORR66.F210.CLEC.G3101V00_TSA_155E
Q:\PEERLESSNETWORK\2022_09\NY_155E\107F_AK.#EN.ACCESS.ORR66.F210.CLEC.G3102V00_TSA_155E
Q:\PEERLESSNETWORK\2022_09\NY_155E\107F_AK.#EN.ACCESS.ORR66.F210.CLEC.G3103V00_TSA_155E
Q:\PEERLESSNETWORK\2022_09\NY_155E\107F_AK.#EN.ACCESS.ORR66.F210.CLEC.G3104V00_TSA_155E
Q:\PEERLESSNETWORK\2022_09\NY_155E\107F_AK.#EN.ACCESS.ORR66.F210.CLEC.G3105V00_TSA_155E
Q:\PEERLESSNETWORK\2022_09\NY_155E\107F_AK.#EN.ACCESS.ORR66.F210.CLEC.G3107V00_TSA_155E
Q:\PEERLESSNETWORK\2022_09\NY_155E\107F_AK.#EN.ACCESS.ORR66.F210.CLEC.G3108V00_TSA_155E
Q:\PEERLESSNETWORK\2022_09\NY_155E\107F_AK.#EN.ACCESS.ORR66.F210.CLEC.G3109V00_TSA_155E
Q:\PEERLESSNETWORK\2022_09\NY_155E\INTEC_01432_220801_155E_155E.ERR.TXT
Q:\PEERLESSNETWORK\2022_09\NY_155E\INTEC_01432_220801_539F_155E.ERR.TXT
Q:\PEERLESSNETWORK\2022_09\NY_155E\INTEC_01433_220802_155E_155E
Q:\PEERLESSNETWORK\2022_09\NY_155E\INTEC_01433_220802_539F_155E
Q:\PEERLESSNETWORK\2022_09\NY_155E\INTEC_01434_220803_155E_155E
Q:\PEERLESSNETWORK\2022_09\NY_155E\INTEC_01434_220803_539F_155E
Q:\PEERLESSNETWORK\2022_09\NY_155E\INTEC_01435_220804_155E_155E
Q:\PEERLESSNETWORK\2022_09\NY_155E\INTEC_01435_220804_539F_155E
Q:\PEERLESSNETWORK\2022_09\NY_155E\INTEC_01436_220805_155E_155E
Q:\PEERLESSNETWORK\2022_09\NY_155E\INTEC_01436_220805_539F_155E
Q:\PEERLESSNETWORK\2022_09\NY_155E\INTEC_01437_220806_155E_155E
Q:\PEERLESSNETWORK\2022_09\NY_155E\INTEC_01438_220807_155E_155E
Q:\PEERLESSNETWORK\2022_09\NY_155E\INTEC_01439_220808_155E_155E
Q:\PEERLESSNETWORK\2022_09\NY_155E\INTEC_01439_220808_539F_155E
Q:\PEERLESSNETWORK\2022_09\NY_155E\INTEC_01440_220809_155E_155E
Q:\PEERLESSNETWORK\2022_09\NY_155E\INTEC_01440_220809_539F_155E
Q:\PEERLESSNETWORK\2022_09\NY_155E\INTEC_01441_220810_155E_155E
Q:\PEERLESSNETWORK\2022_09\NY_155E\INTEC_01441_220810_539F_155E
Q:\PEERLESSNETWORK\2022_09\NY_155E\INTEC_01442_220811_155E_155E
Q:\PEERLESSNETWORK\2022_09\NY_155E\INTEC_01442_220811_539F_155E
Q:\PEERLESSNETWORK\2022_09\NY_155E\INTEC_01443_220812_155E_155E
Q:\PEERLESSNETWORK\2022_09\NY_155E\INTEC_01443_220812_539F_155E
Q:\PEERLESSNETWORK\2022_09\NY_155E\INTEC_01444_220813_155E_155E
Q:\PEERLESSNETWORK\2022_09\NY_155E\INTEC_01445_220814_155E_155E
Q:\PEERLESSNETWORK\2022_09\NY_155E\INTEC_01445_220814_539F_155E
Q:\PEERLESSNETWORK\2022_09\NY_155E\INTEC_01446_220815_155E_155E
Q:\PEERLESSNETWORK\2022_09\NY_155E\INTEC_01446_220815_539F_155E
Q:\PEERLESSNETWORK\2022_09\NY_155E\INTEC_01447_220816_155E_155E
Q:\PEERLESSNETWORK\2022_09\NY_155E\INTEC_01447_220816_539F_155E
Q:\PEERLESSNETWORK\2022_09\NY_155E\INTEC_01448_220817_155E_155E
Q:\PEERLESSNETWORK\2022_09\NY_155E\INTEC_01448_220817_539F_155E
Q:\PEERLESSNETWORK\2022_09\NY_155E\INTEC_01449_220818_155E_155E
Q:\PEERLESSNETWORK\2022_09\NY_155E\INTEC_01450_220819_155E_155E
Q:\PEERLESSNETWORK\2022_09\NY_155E\INTEC_01451_220820_155E_155E
Q:\PEERLESSNETWORK\2022_09\NY_155E\INTEC_01452_220821_155E_155E
Q:\PEERLESSNETWORK\2022_09\NY_155E\INTEC_01453_220822_155E_155E
Q:\PEERLESSNETWORK\2022_09\NY_155E\INTEC_01453_220822_539F_155E
Q:\PEERLESSNETWORK\2022_09\NY_155E\INTEC_01454_220823_155E_155E
Q:\PEERLESSNETWORK\2022_09\NY_155E\INTEC_01455_220824_155E_155E
Q:\PEERLESSNETWORK\2022_09\NY_155E\INTEC_01456_220825_155E_155E
Q:\PEERLESSNETWORK\2022_09\NY_155E\INTEC_01456_220825_539F_155E
Q:\PEERLESSNETWORK\2022_09\NY_155E\INTEC_01457_220826_155E_155E
Q:\PEERLESSNETWORK\2022_09\NY_155E\INTEC_01457_220826_539F_155E
Q:\PEERLESSNETWORK\2022_09\NY_155E\INTEC_01458_220827_155E_155E
Q:\PEERLESSNETWORK\2022_09\NY_155E\INTEC_01458_220827_539F_155E
Q:\PEERLESSNETWORK\2022_09\NY_155E\INTEC_01459_220828_155E_155E
Q:\PEERLESSNETWORK\2022_09\NY_155E\INTEC_01459_220828_539F_155E
Q:\PEERLESSNETWORK\2022_09\NY_155E\INTEC_01460_220829_155E_155E
Q:\PEERLESSNETWORK\2022_09\NY_155E\INTEC_01460_220829_539F_155E
Q:\PEERLESSNETWORK\2022_09\NY_155E\INTEC_01461_220830_155E_155E
Q:\PEERLESSNETWORK\2022_09\NY_155E\INTEC_01461_220830_539F_155E
Q:\PEERLESSNETWORK\2022_09\NY_155E\INTEC_01462_220831_155E_155E
Q:\PEERLESSNETWORK\2022_09\NY_155E\INTEC_01462_220831_539F_155E
Q:\PEERLESSNETWORK\2022_09\NY_155E\INTEC_01463_220901_155E_155E
Q:\PEERLESSNETWORK\2022_09\NY_155E\INTEC_01463_220901_539F_155E
Q:\PEERLESSNETWORK\2022_09\NY_155E\TANDEM_TERM_01423_220801_155E_155E.ERR.TXT
Q:\PEERLESSNETWORK\2022_09\NY_155E\TANDEM_TERM_01424_220802_155E_155E
Q:\PEERLESSNETWORK\2022_09\NY_155E\TANDEM_TERM_01425_220803_155E_155E
Q:\PEERLESSNETWORK\2022_09\NY_155E\TANDEM_TERM_01426_220804_155E_155E
Q:\PEERLESSNETWORK\2022_09\NY_155E\TANDEM_TERM_01427_220805_155E_155E
Q:\PEERLESSNETWORK\2022_09\NY_155E\TANDEM_TERM_01428_220806_155E_155E
Q:\PEERLESSNETWORK\2022_09\NY_155E\TANDEM_TERM_01429_220807_155E_155E
Q:\PEERLESSNETWORK\2022_09\NY_155E\TANDEM_TERM_01430_220808_155E_155E
Q:\PEERLESSNETWORK\2022_09\NY_155E\TANDEM_TERM_01431_220809_155E_155E
Q:\PEERLESSNETWORK\2022_09\NY_155E\TANDEM_TERM_01432_220810_155E_155E
Q:\PEERLESSNETWORK\2022_09\NY_155E\TANDEM_TERM_01433_220811_155E_155E
Q:\PEERLESSNETWORK\2022_09\NY_155E\TANDEM_TERM_01434_220812_155E_155E
Q:\PEERLESSNETWORK\2022_09\NY_155E\TANDEM_TERM_01435_220813_155E_155E
Q:\PEERLESSNETWORK\2022_09\NY_155E\TANDEM_TERM_01436_220814_155E_155E
Q:\PEERLESSNETWORK\2022_09\NY_155E\TANDEM_TERM_01437_220815_155E_155E
Q:\PEERLESSNETWORK\2022_09\NY_155E\TANDEM_TERM_01438_220816_155E_155E
Q:\PEERLESSNETWORK\2022_09\NY_155E\TANDEM_TERM_01439_220817_155E_155E
Q:\PEERLESSNETWORK\2022_09\NY_155E\TANDEM_TERM_01440_220818_155E_155E
Q:\PEERLESSNETWORK\2022_09\NY_155E\TANDEM_TERM_01441_220819_155E_155E
Q:\PEERLESSNETWORK\2022_09\NY_155E\TANDEM_TERM_01442_220820_155E_155E
Q:\PEERLESSNETWORK\2022_09\NY_155E\TANDEM_TERM_01443_220821_155E_155E
Q:\PEERLESSNETWORK\2022_09\NY_155E\TANDEM_TERM_01444_220822_155E_155E
Q:\PEERLESSNETWORK\2022_09\NY_155E\TANDEM_TERM_01445_220823_155E_155E
Q:\PEERLESSNETWORK\2022_09\NY_155E\TANDEM_TERM_01446_220824_155E_155E
Q:\PEERLESSNETWORK\2022_09\NY_155E\TANDEM_TERM_01447_220825_155E_155E
Q:\PEERLESSNETWORK\2022_09\NY_155E\TANDEM_TERM_01448_220826_155E_155E
Q:\PEERLESSNETWORK\2022_09\NY_155E\TANDEM_TERM_01449_220827_155E_155E
Q:\PEERLESSNETWORK\2022_09\NY_155E\TANDEM_TERM_01450_220828_155E_155E
Q:\PEERLESSNETWORK\2022_09\NY_155E\TANDEM_TERM_01451_220829_155E_155E
Q:\PEERLESSNETWORK\2022_09\NY_155E\TANDEM_TERM_01452_220830_155E_155E
Q:\PEERLESSNETWORK\2022_09\NY_155E\TANDEM_TERM_01453_220831_155E_155E
Q:\PEERLESSNETWORK\2022_09\NY_155E\TANDEM_TERM_01454_220901_155E_155E
Q:\PEERLESSNETWORK\2022_09\TN_276F\INTEC_01432_220801_276F_276F.ERR.TXT
Q:\PEERLESSNETWORK\2022_09\TN_276F\INTEC_01433_220802_276F_276F
Q:\PEERLESSNETWORK\2022_09\TN_276F\INTEC_01434_220803_276F_276F
Q:\PEERLESSNETWORK\2022_09\TN_276F\INTEC_01435_220804_276F_276F
Q:\PEERLESSNETWORK\2022_09\TN_276F\INTEC_01436_220805_276F_276F
Q:\PEERLESSNETWORK\2022_09\TN_276F\INTEC_01438_220807_276F_276F
Q:\PEERLESSNETWORK\2022_09\TN_276F\INTEC_01439_220808_276F_276F
Q:\PEERLESSNETWORK\2022_09\TN_276F\INTEC_01440_220809_276F_276F
Q:\PEERLESSNETWORK\2022_09\TN_276F\INTEC_01441_220810_276F_276F
Q:\PEERLESSNETWORK\2022_09\TN_276F\INTEC_01442_220811_276F_276F
Q:\PEERLESSNETWORK\2022_09\TN_276F\INTEC_01443_220812_276F_276F
Q:\PEERLESSNETWORK\2022_09\TN_276F\INTEC_01444_220813_276F_276F
Q:\PEERLESSNETWORK\2022_09\TN_276F\INTEC_01445_220814_276F_276F
Q:\PEERLESSNETWORK\2022_09\TN_276F\INTEC_01446_220815_276F_276F
Q:\PEERLESSNETWORK\2022_09\TN_276F\INTEC_01449_220818_276F_276F
Q:\PEERLESSNETWORK\2022_09\TN_276F\INTEC_01450_220819_276F_276F
Q:\PEERLESSNETWORK\2022_09\TN_276F\INTEC_01451_220820_276F_276F.ERR.TXT
Q:\PEERLESSNETWORK\2022_09\TN_276F\INTEC_01453_220822_276F_276F
Q:\PEERLESSNETWORK\2022_09\TN_276F\INTEC_01454_220823_276F_276F
Q:\PEERLESSNETWORK\2022_09\TN_276F\INTEC_01455_220824_276F_276F
Q:\PEERLESSNETWORK\2022_09\TN_276F\INTEC_01456_220825_276F_276F
Q:\PEERLESSNETWORK\2022_09\TN_276F\INTEC_01457_220826_276F_276F
Q:\PEERLESSNETWORK\2022_09\TN_276F\INTEC_01458_220827_276F_276F
Q:\PEERLESSNETWORK\2022_09\TN_276F\INTEC_01460_220829_276F_276F
Q:\PEERLESSNETWORK\2022_09\TN_276F\INTEC_01461_220830_276F_276F
Q:\PEERLESSNETWORK\2022_09\TN_276F\INTEC_01462_220831_276F_276F
Q:\PEERLESSNETWORK\2022_09\TN_276F\INTEC_01463_220901_276F_276F
Q:\PEERLESSNETWORK\2022_09\TN_276F\TANDEM_TERM_01423_220801_276F_276F.ERR.TXT
Q:\PEERLESSNETWORK\2022_09\TN_276F\TANDEM_TERM_01424_220802_276F_276F
Q:\PEERLESSNETWORK\2022_09\TN_276F\TANDEM_TERM_01425_220803_276F_276F
Q:\PEERLESSNETWORK\2022_09\TN_276F\TANDEM_TERM_01426_220804_276F_276F
Q:\PEERLESSNETWORK\2022_09\TN_276F\TANDEM_TERM_01427_220805_276F_276F
Q:\PEERLESSNETWORK\2022_09\TN_276F\TANDEM_TERM_01428_220806_276F_276F
Q:\PEERLESSNETWORK\2022_09\TN_276F\TANDEM_TERM_01429_220807_276F_276F
Q:\PEERLESSNETWORK\2022_09\TN_276F\TANDEM_TERM_01430_220808_276F_276F
Q:\PEERLESSNETWORK\2022_09\TN_276F\TANDEM_TERM_01431_220809_276F_276F
Q:\PEERLESSNETWORK\2022_09\TN_276F\TANDEM_TERM_01432_220810_276F_276F
Q:\PEERLESSNETWORK\2022_09\TN_276F\TANDEM_TERM_01433_220811_276F_276F
Q:\PEERLESSNETWORK\2022_09\TN_276F\TANDEM_TERM_01434_220812_276F_276F
Q:\PEERLESSNETWORK\2022_09\TN_276F\TANDEM_TERM_01435_220813_276F_276F
Q:\PEERLESSNETWORK\2022_09\TN_276F\TANDEM_TERM_01436_220814_276F_276F
Q:\PEERLESSNETWORK\2022_09\TN_276F\TANDEM_TERM_01437_220815_276F_276F
Q:\PEERLESSNETWORK\2022_09\TN_276F\TANDEM_TERM_01438_220816_276F_276F
Q:\PEERLESSNETWORK\2022_09\TN_276F\TANDEM_TERM_01439_220817_276F_276F
Q:\PEERLESSNETWORK\2022_09\TN_276F\TANDEM_TERM_01440_220818_276F_276F
Q:\PEERLESSNETWORK\2022_09\TN_276F\TANDEM_TERM_01441_220819_276F_276F
Q:\PEERLESSNETWORK\2022_09\TN_276F\TANDEM_TERM_01442_220820_276F_276F
Q:\PEERLESSNETWORK\2022_09\TN_276F\TANDEM_TERM_01443_220821_276F_276F
Q:\PEERLESSNETWORK\2022_09\TN_276F\TANDEM_TERM_01444_220822_276F_276F
Q:\PEERLESSNETWORK\2022_09\TN_276F\TANDEM_TERM_01445_220823_276F_276F
Q:\PEERLESSNETWORK\2022_09\TN_276F\TANDEM_TERM_01446_220824_276F_276F
Q:\PEERLESSNETWORK\2022_09\TN_276F\TANDEM_TERM_01447_220825_276F_276F
Q:\PEERLESSNETWORK\2022_09\TN_276F\TANDEM_TERM_01448_220826_276F_276F
Q:\PEERLESSNETWORK\2022_09\TN_276F\TANDEM_TERM_01449_220827_276F_276F
Q:\PEERLESSNETWORK\2022_09\TN_276F\TANDEM_TERM_01450_220828_276F_276F
Q:\PEERLESSNETWORK\2022_09\TN_276F\TANDEM_TERM_01451_220829_276F_276F
Q:\PEERLESSNETWORK\2022_09\TN_276F\TANDEM_TERM_01452_220830_276F_276F
Q:\PEERLESSNETWORK\2022_09\TN_276F\TANDEM_TERM_01453_220831_276F_276F
Q:\PEERLESSNETWORK\2022_09\TN_276F\TANDEM_TERM_01454_220901_276F_276F
Q:\PEERLESSNETWORK\2022_09\WV_928H\INTEC_01432_220801_928H_928H.ERR.TXT
Q:\PEERLESSNETWORK\2022_09\WV_928H\INTEC_01433_220802_928H_928H
Q:\PEERLESSNETWORK\2022_09\WV_928H\INTEC_01434_220803_928H_928H
Q:\PEERLESSNETWORK\2022_09\WV_928H\INTEC_01435_220804_928H_928H
Q:\PEERLESSNETWORK\2022_09\WV_928H\INTEC_01436_220805_928H_928H
Q:\PEERLESSNETWORK\2022_09\WV_928H\INTEC_01437_220806_928H_928H
Q:\PEERLESSNETWORK\2022_09\WV_928H\INTEC_01438_220807_928H_928H
Q:\PEERLESSNETWORK\2022_09\WV_928H\INTEC_01439_220808_928H_928H
Q:\PEERLESSNETWORK\2022_09\WV_928H\INTEC_01440_220809_928H_928H
Q:\PEERLESSNETWORK\2022_09\WV_928H\INTEC_01442_220811_928H_928H
Q:\PEERLESSNETWORK\2022_09\WV_928H\INTEC_01443_220812_928H_928H
Q:\PEERLESSNETWORK\2022_09\WV_928H\INTEC_01444_220813_928H_928H
Q:\PEERLESSNETWORK\2022_09\WV_928H\INTEC_01445_220814_928H_928H
Q:\PEERLESSNETWORK\2022_09\WV_928H\INTEC_01446_220815_928H_928H
Q:\PEERLESSNETWORK\2022_09\WV_928H\INTEC_01447_220816_928H_928H
Q:\PEERLESSNETWORK\2022_09\WV_928H\INTEC_01448_220817_928H_928H
Q:\PEERLESSNETWORK\2022_09\WV_928H\INTEC_01449_220818_928H_928H
Q:\PEERLESSNETWORK\2022_09\WV_928H\INTEC_01450_220819_928H_928H
Q:\PEERLESSNETWORK\2022_09\WV_928H\INTEC_01451_220820_928H_928H
Q:\PEERLESSNETWORK\2022_09\WV_928H\INTEC_01452_220821_275G_928H
Q:\PEERLESSNETWORK\2022_09\WV_928H\INTEC_01452_220821_928H_928H.ERR.TXT
Q:\PEERLESSNETWORK\2022_09\WV_928H\INTEC_01453_220822_275G_928H
Q:\PEERLESSNETWORK\2022_09\WV_928H\INTEC_01453_220822_928H_928H
Q:\PEERLESSNETWORK\2022_09\WV_928H\INTEC_01454_220823_928H_928H
Q:\PEERLESSNETWORK\2022_09\WV_928H\INTEC_01455_220824_928H_928H
Q:\PEERLESSNETWORK\2022_09\WV_928H\INTEC_01456_220825_928H_928H
Q:\PEERLESSNETWORK\2022_09\WV_928H\INTEC_01457_220826_928H_928H
Q:\PEERLESSNETWORK\2022_09\WV_928H\INTEC_01458_220827_928H_928H
Q:\PEERLESSNETWORK\2022_09\WV_928H\INTEC_01459_220828_928H_928H
Q:\PEERLESSNETWORK\2022_09\WV_928H\INTEC_01460_220829_928H_928H
Q:\PEERLESSNETWORK\2022_09\WV_928H\INTEC_01461_220830_928H_928H
Q:\PEERLESSNETWORK\2022_09\WV_928H\INTEC_01462_220831_928H_928H
Q:\PEERLESSNETWORK\2022_09\WV_928H\INTEC_01463_220901_275G_928H
Q:\PEERLESSNETWORK\2022_09\WV_928H\INTEC_01463_220901_928H_928H
Q:\PEERLESSNETWORK\2022_09\WV_928H\TANDEM_ORIG_01423_220801_928H_928H.ERR.TXT
Q:\PEERLESSNETWORK\2022_09\WV_928H\TANDEM_ORIG_01424_220802_928H_928H
Q:\PEERLESSNETWORK\2022_09\WV_928H\TANDEM_ORIG_01425_220803_928H_928H
Q:\PEERLESSNETWORK\2022_09\WV_928H\TANDEM_ORIG_01426_220804_928H_928H
Q:\PEERLESSNETWORK\2022_09\WV_928H\TANDEM_ORIG_01427_220805_928H_928H
Q:\PEERLESSNETWORK\2022_09\WV_928H\TANDEM_ORIG_01428_220806_928H_928H
Q:\PEERLESSNETWORK\2022_09\WV_928H\TANDEM_ORIG_01429_220807_928H_928H.ERR.TXT
Q:\PEERLESSNETWORK\2022_09\WV_928H\TANDEM_ORIG_01430_220808_928H_928H
Q:\PEERLESSNETWORK\2022_09\WV_928H\TANDEM_ORIG_01431_220809_928H_928H
Q:\PEERLESSNETWORK\2022_09\WV_928H\TANDEM_ORIG_01432_220810_928H_928H
Q:\PEERLESSNETWORK\2022_09\WV_928H\TANDEM_ORIG_01433_220811_928H_928H
Q:\PEERLESSNETWORK\2022_09\WV_928H\TANDEM_ORIG_01434_220812_928H_928H
Q:\PEERLESSNETWORK\2022_09\WV_928H\TANDEM_ORIG_01435_220813_928H_928H.ERR.TXT
Q:\PEERLESSNETWORK\2022_09\WV_928H\TANDEM_ORIG_01436_220814_928H_928H
Q:\PEERLESSNETWORK\2022_09\WV_928H\TANDEM_ORIG_01437_220815_928H_928H
Q:\PEERLESSNETWORK\2022_09\WV_928H\TANDEM_ORIG_01438_220816_928H_928H
Q:\PEERLESSNETWORK\2022_09\WV_928H\TANDEM_ORIG_01439_220817_928H_928H
Q:\PEERLESSNETWORK\2022_09\WV_928H\TANDEM_ORIG_01440_220818_928H_928H
Q:\PEERLESSNETWORK\2022_09\WV_928H\TANDEM_ORIG_01441_220819_928H_928H
Q:\PEERLESSNETWORK\2022_09\WV_928H\TANDEM_ORIG_01442_220820_928H_928H
Q:\PEERLESSNETWORK\2022_09\WV_928H\TANDEM_ORIG_01443_220821_928H_928H
Q:\PEERLESSNETWORK\2022_09\WV_928H\TANDEM_ORIG_01444_220822_928H_928H
Q:\PEERLESSNETWORK\2022_09\WV_928H\TANDEM_ORIG_01445_220823_928H_928H
Q:\PEERLESSNETWORK\2022_09\WV_928H\TANDEM_ORIG_01446_220824_928H_928H
Q:\PEERLESSNETWORK\2022_09\WV_928H\TANDEM_ORIG_01447_220825_928H_928H
Q:\PEERLESSNETWORK\2022_09\WV_928H\TANDEM_ORIG_01448_220826_928H_928H
Q:\PEERLESSNETWORK\2022_09\WV_928H\TANDEM_ORIG_01449_220827_928H_928H
Q:\PEERLESSNETWORK\2022_09\WV_928H\TANDEM_ORIG_01450_220828_928H_928H
Q:\PEERLESSNETWORK\2022_09\WV_928H\TANDEM_ORIG_01451_220829_928H_928H
Q:\PEERLESSNETWORK\2022_09\WV_928H\TANDEM_ORIG_01452_220830_928H_928H
Q:\PEERLESSNETWORK\2022_09\WV_928H\TANDEM_ORIG_01453_220831_928H_928H
Q:\PEERLESSNETWORK\2022_09\WV_928H\TANDEM_ORIG_01454_220901_928H_928H
